inputs,labels
The weather today is sunny with a slight breeze.,Weather forecast: sunny
The stock market is experiencing a significant drop today.,Stock market update: drop
Artificial Intelligence is transforming various industries.,AI impact: transformation
Python is a popular programming language for data science.,Programming language: Python
The movie was thrilling with an unexpected twist at the end.,Movie review: thrilling
The new smartphone model features an improved camera and longer battery life.,Product review: smartphone
Global warming is leading to more extreme weather conditions.,Climate change: global warming
The latest research in neuroscience reveals new insights into brain function.,Scientific research: neuroscience
Economic policies play a crucial role in shaping a countryâ€™s financial stability.,Economic update: policies
Traveling to new places can broaden one's perspective and enrich life experiences.,Travel: personal growth
Recent advancements in renewable energy technologies are promising for sustainable development.,Renewable energy: advancements
The recent tech conference showcased innovative startups and cutting-edge technologies.,Tech conference: innovations
A healthy diet and regular exercise are essential for maintaining physical well-being.,Health: diet and exercise
The rise of e-commerce has significantly impacted traditional retail businesses.,E-commerce impact: retail
Learning a new language can open up numerous opportunities for personal and professional growth.,Language learning: opportunities
The latest book by the renowned author explores deep philosophical questions.,Book review: philosophical
The recent breakthrough in cancer research is offering new hope for patients.,Medical research: cancer breakthrough
Electric vehicles are becoming more popular due to their environmental benefits.,Transportation: electric vehicles
The new video game release has been receiving positive reviews from critics.,Video game review: positive
The current political climate is characterized by significant polarization.,Politics: polarization
Urban gardening is gaining popularity as a way to grow fresh produce in city environments.,Urban gardening: fresh produce
The recent study on sleep patterns highlights the importance of good sleep hygiene.,Sleep research: hygiene
Advancements in robotics are transforming manufacturing processes.,Robotics: manufacturing
The rise of remote work is changing how companies approach employee management.,Remote work: employee management
The impact of social media on mental health is a growing area of concern.,Social media: mental health
New architectural designs are focusing on sustainability and eco-friendly materials.,Architecture: sustainability
The expansion of online education platforms is making learning more accessible.,Online education: accessibility
Recent policy changes in healthcare aim to improve patient outcomes.,Healthcare policy: patient outcomes
The popularity of plant-based diets is increasing due to health and environmental reasons.,Diet trends: plant-based
New discoveries in space exploration are expanding our understanding of the universe.,Space exploration: discoveries
The ongoing debate over data privacy highlights the need for stronger regulations.,Data privacy: regulations
The integration of AI in healthcare is enhancing diagnostic accuracy and patient care.,AI in healthcare: diagnostics
Innovative fashion trends are merging technology with traditional designs.,Fashion: technology integration
The growing interest in mindfulness and meditation is benefiting mental health.,Mindfulness: mental health
The expansion of 5G networks is expected to revolutionize connectivity.,5G: connectivity
Recent trends in home automation are making everyday tasks more convenient.,Home automation: convenience
The shift towards sustainable business practices is becoming more widespread.,Business practices: sustainability
The rise of crowdfunding platforms is changing how startups raise capital.,Crowdfunding: startups
New developments in material science are leading to more durable and efficient products.,Material science: durability
The influence of cultural heritage on contemporary art is being increasingly recognized.,Art: cultural heritage
Advancements in quantum computing could potentially solve complex problems faster than traditional computers.,Quantum computing: problem-solving
The role of artificial intelligence in creative industries is opening up new possibilities for artists.,AI in creativity: possibilities
The impact of climate change on biodiversity is a critical issue for conservation efforts.,Climate change: biodiversity
The use of big data in sports analytics is enhancing team performance and strategy.,Sports analytics: performance
Emerging technologies in agriculture are improving crop yields and sustainability.,Agriculture: technology
The importance of financial literacy is being emphasized in education programs.,Financial literacy: education
The development of smart cities aims to improve urban living through technology.,Smart cities: urban living
The influence of global trade policies on local economies is a significant topic of discussion.,Trade policies: local economies
New techniques in genetic engineering are offering potential solutions to various medical conditions.,Genetic engineering: medical solutions
The rise of eco-tourism is encouraging sustainable travel practices.,Eco-tourism: sustainable travel
Recent trends in digital marketing are focusing on personalized consumer experiences.,Digital marketing: personalization
